{
    "type": {
        "client_type": "PUBLIC",
        "authority_type": "B2C",
        "framework": "DJANGO"
        },
    "client": {
        "client_id": "6a7c0e97-457b-43a7-a450-5c0235fe7983",
        "client_credential":"JYY8Q~MIzeDPaw9oXqWVZY9x.KgrKsVu78jQfcK6",
        "authority": "https://azzen23.b2clogin.com/azzen23.onmicrosoft.com"
        },
    "b2c": {
        "susi": "/b2c_1_reactapp",
        "profile": "/b2c_1_reactapp_edit",
        "password": "/b2c_1_reactapp_reset"
        },
    "auth_request": {
        "redirect_uri": "https://gis-planning.azurewebsites.net/auth/redirect", 
        "scopes": [],
        "response_type": "code"
        },
    "django": {
        "id_web_configs": "MS_ID_WEB_CONFIGS",
        "auth_endpoints": {
            "prefix": "auth",
            "sign_in": "sign_in",
            "edit_profile": "edit_profile",
            "redirect": "redirect",
            "sign_out": "sign_out",
            "post_sign_out": "post_sign_out"
        }
    },
    "flask": null
    }
        